{"cameraMode":{"drawMode":0,"name":"Shaded","section":"Shading Mode"},"sceneLighting":true,"audioPlay":false,"sceneViewState":{"m_AlwaysRefresh":false,"showFog":true,"showSkybox":true,"showFlares":true,"showImageEffects":true,"showParticleSystems":true,"showVisualEffectGraphs":true,"m_FxEnabled":false},"in2DMode":false,"pivot":{"x":-0.23000001907348634,"y":-0.4539909362792969,"z":-7.699999809265137},"rotation":{"x":0.3199981451034546,"y":-0.021320130676031114,"z":0.007196938153356314,"w":0.9471622109413147},"size":7.023237228393555,"orthographic":false}